pair_id,direction,tile_a,tile_b,shift_y,shift_x,origin_dy,origin_dx,iq_corr,ci_corr,valid_fraction,median_misorientation_deg,p90_misorientation_deg,overlap_pixels,candidate_source,classical_score,pseudo_label,ml_probability,final_score,selected,accepted,self_supervised_split
horizontal_r0_c0__r0_c1,horizontal,tile_r0_c0_clean.ang,tile_r0_c1_clean.ang,0,0,0,160,1.0000000000000002,1.0,1.0,53.20990825466302,55.53611853801313,3160,zero,0.6504523471434916,0,0.010564467340994543,0.2345252252718685,True,False,validation
vertical_r0_c0__r1_c0,vertical,tile_r0_c0_clean.ang,tile_r1_c0_clean.ang,1,0,64,0,0.9999999999999998,1.0,1.0,53.068894384832106,54.86807947996544,3000,zero,0.6354603912333832,0,0.006937175382067947,0.22692030093002827,True,False,train
horizontal_r0_c1__r0_c2,horizontal,tile_r0_c1_clean.ang,tile_r0_c2_clean.ang,0,0,0,160,0.9999999999999999,1.0,1.0,0.0,1.2074182697257333e-06,3160,zero,0.9999999999999999,1,0.9999999998652724,0.9999999999124269,True,True,train
vertical_r0_c1__r1_c1,vertical,tile_r0_c1_clean.ang,tile_r1_c1_clean.ang,1,0,64,0,1.0000000000000002,1.0,1.0,0.0,1.2074182697257333e-06,3000,zero,0.985,1,0.999999999776555,0.9947499998547608,True,True,train
horizontal_r0_c2__r0_c3,horizontal,tile_r0_c2_clean.ang,tile_r0_c3_clean.ang,0,0,0,160,1.0,1.0,1.0,0.0,1.2074182697257333e-06,3160,zero,1.0,1,0.9999999998652724,0.999999999912427,True,True,validation
vertical_r0_c2__r1_c2,vertical,tile_r0_c2_clean.ang,tile_r1_c2_clean.ang,1,0,64,0,1.0000000000000002,0.9999999999999998,1.0,0.0,1.2074182697257333e-06,3000,zero,0.985,1,0.999999999776555,0.9947499998547608,True,True,validation
horizontal_r0_c3__r0_c4,horizontal,tile_r0_c3_clean.ang,tile_r0_c4_clean.ang,0,0,0,160,0.9999999999999999,0.9999999999999999,1.0,0.0,1.2074182697257333e-06,3160,zero,0.9999999999999999,1,0.9999999998652724,0.9999999999124269,True,True,train
vertical_r0_c3__r1_c3,vertical,tile_r0_c3_clean.ang,tile_r1_c3_clean.ang,1,0,64,0,0.9999999999999999,1.0,1.0,0.0,1.2074182697257333e-06,3000,zero,0.9849999999999999,1,0.999999999776555,0.9947499998547606,True,True,train
horizontal_r0_c4__r0_c5,horizontal,tile_r0_c4_clean.ang,tile_r0_c5_clean.ang,0,0,0,160,1.0,0.9999999999999999,1.0,0.0,1.2074182697257333e-06,3160,zero,0.9999999999999999,1,0.9999999998652724,0.9999999999124269,True,True,train
vertical_r0_c4__r1_c4,vertical,tile_r0_c4_clean.ang,tile_r1_c4_clean.ang,1,0,64,0,1.0000000000000002,1.0,1.0,0.0,1.2074182697257333e-06,3000,zero,0.985,1,0.999999999776555,0.9947499998547608,True,True,validation
vertical_r0_c5__r1_c5,vertical,tile_r0_c5_clean.ang,tile_r1_c5_clean.ang,1,0,64,0,1.0000000000000002,0.9999999999999999,0.9954692556634305,0.0,1.2074182697257333e-06,1538,zero,0.9843203883495145,1,0.9999999999036824,0.9945121358597235,True,True,validation
horizontal_r1_c0__r1_c1,horizontal,tile_r1_c0_clean.ang,tile_r1_c1_clean.ang,0,0,0,160,1.0000000000000002,1.0000000000000002,1.0,0.0,1.2074182697257333e-06,3160,zero,1.0,1,0.9999999998652724,0.999999999912427,True,True,train
vertical_r1_c0__r2_c0,vertical,tile_r1_c0_clean.ang,tile_r2_c0_clean.ang,0,0,63,0,0.9999999999999999,1.0,1.0,0.0,1.2074182697257333e-06,3200,zero,0.9999999999999999,1,0.9999999998652724,0.9999999999124269,True,True,train
horizontal_r1_c1__r1_c2,horizontal,tile_r1_c1_clean.ang,tile_r1_c2_clean.ang,0,0,0,160,0.9999999999999998,0.9999999999999998,1.0,0.0,1.2074182697257333e-06,3160,zero,0.9999999999999999,1,0.9999999998652724,0.9999999999124269,True,True,train
vertical_r1_c1__r2_c1,vertical,tile_r1_c1_clean.ang,tile_r2_c1_clean.ang,0,0,63,0,1.0,1.0,1.0,0.0,1.2074182697257333e-06,3200,zero,1.0,1,0.9999999998652724,0.999999999912427,True,True,train
horizontal_r1_c2__r1_c3,horizontal,tile_r1_c2_clean.ang,tile_r1_c3_clean.ang,0,0,0,160,1.0000000000000002,1.0000000000000002,1.0,0.0,1.2074182697257333e-06,3160,zero,1.0,1,0.9999999998652724,0.999999999912427,True,True,train
vertical_r1_c2__r2_c2,vertical,tile_r1_c2_clean.ang,tile_r2_c2_clean.ang,0,0,63,0,0.9999999999999999,1.0000000000000002,1.0,0.0,1.2074182697257333e-06,3200,zero,0.9999999999999999,1,0.9999999998652724,0.9999999999124269,True,True,train
horizontal_r1_c3__r1_c4,horizontal,tile_r1_c3_clean.ang,tile_r1_c4_clean.ang,0,0,0,160,1.0000000000000002,1.0,1.0,0.0,1.2074182697257333e-06,3160,zero,1.0,1,0.9999999998652724,0.999999999912427,True,True,train
vertical_r1_c3__r2_c3,vertical,tile_r1_c3_clean.ang,tile_r2_c3_clean.ang,0,0,63,0,1.0,1.0000000000000002,1.0,0.0,1.2074182697257333e-06,3200,zero,1.0,1,0.9999999998652724,0.999999999912427,True,True,validation
horizontal_r1_c4__r1_c5,horizontal,tile_r1_c4_clean.ang,tile_r1_c5_clean.ang,0,0,0,160,1.0,0.9999999999999998,1.0,0.0,1.2074182697257333e-06,3160,zero,0.9999999999999999,1,0.9999999998652724,0.9999999999124269,True,True,validation
vertical_r1_c4__r2_c4,vertical,tile_r1_c4_clean.ang,tile_r2_c4_clean.ang,0,0,63,0,1.0,1.0,1.0,0.0,0.0,3200,zero,1.0,1,0.9999999998652724,0.999999999912427,True,True,train
vertical_r1_c5__r2_c5,vertical,tile_r1_c5_clean.ang,tile_r2_c5_clean.ang,0,0,63,0,1.0000000000000002,1.0000000000000002,1.0,0.0,0.0,1632,zero,1.0,1,0.9999999998652724,0.999999999912427,True,True,train
horizontal_r2_c0__r2_c1,horizontal,tile_r2_c0_clean.ang,tile_r2_c1_clean.ang,0,0,0,160,0.9999999999999998,1.0,1.0,0.0,1.2074182697257333e-06,3160,zero,0.9999999999999999,1,0.9999999998652724,0.9999999999124269,True,True,train
vertical_r2_c0__r3_c0,vertical,tile_r2_c0_clean.ang,tile_r3_c0_clean.ang,0,0,63,0,1.0000000000000002,1.0,1.0,0.0,1.2074182697257333e-06,3200,zero,1.0,1,0.9999999998652724,0.999999999912427,True,True,validation
horizontal_r2_c1__r2_c2,horizontal,tile_r2_c1_clean.ang,tile_r2_c2_clean.ang,0,0,0,160,1.0,1.0,1.0,0.0,1.2074182697257333e-06,3160,zero,1.0,1,0.9999999998652724,0.999999999912427,True,True,train
vertical_r2_c1__r3_c1,vertical,tile_r2_c1_clean.ang,tile_r3_c1_clean.ang,0,0,63,0,1.0,1.0,1.0,0.0,1.2074182697257333e-06,3200,zero,1.0,1,0.9999999998652724,0.999999999912427,True,True,validation
horizontal_r2_c2__r2_c3,horizontal,tile_r2_c2_clean.ang,tile_r2_c3_clean.ang,0,0,0,160,1.0,0.9999999999999998,1.0,0.0,1.2074182697257333e-06,3160,zero,0.9999999999999999,1,0.9999999998652724,0.9999999999124269,True,True,validation
vertical_r2_c2__r3_c2,vertical,tile_r2_c2_clean.ang,tile_r3_c2_clean.ang,0,0,63,0,0.9999999999999999,1.0,1.0,0.0,1.2074182697258363e-07,3200,zero,0.9999999999999999,1,0.9999999998652724,0.9999999999124269,True,True,train
horizontal_r2_c3__r2_c4,horizontal,tile_r2_c3_clean.ang,tile_r2_c4_clean.ang,0,0,0,160,1.0000000000000002,1.0,1.0,0.0,1.2074182697257333e-06,3160,zero,1.0,1,0.9999999998652724,0.999999999912427,True,True,validation
vertical_r2_c3__r3_c3,vertical,tile_r2_c3_clean.ang,tile_r3_c3_clean.ang,0,0,63,0,0.9999999999999999,1.0,1.0,0.0,1.2074182697257333e-06,3200,zero,0.9999999999999999,1,0.9999999998652724,0.9999999999124269,True,True,train
horizontal_r2_c4__r2_c5,horizontal,tile_r2_c4_clean.ang,tile_r2_c5_clean.ang,0,0,0,160,1.0000000000000002,0.9999999999999999,1.0,0.0,1.2074182697257333e-06,3160,zero,1.0,1,0.9999999998652724,0.999999999912427,True,True,train
vertical_r2_c4__r3_c4,vertical,tile_r2_c4_clean.ang,tile_r3_c4_clean.ang,0,0,63,0,1.0,1.0,1.0,0.0,1.2074182697257333e-06,3200,zero,1.0,1,0.9999999998652724,0.999999999912427,True,True,train
vertical_r2_c5__r3_c5,vertical,tile_r2_c5_clean.ang,tile_r3_c5_clean.ang,0,0,63,0,1.0000000000000002,1.0,1.0,0.0,1.2074182697257333e-06,1632,zero,1.0,1,0.9999999998652724,0.999999999912427,True,True,validation
horizontal_r3_c0__r3_c1,horizontal,tile_r3_c0_clean.ang,tile_r3_c1_clean.ang,0,0,0,160,0.9999999999999999,1.0,1.0,0.0,1.2074182697257333e-06,3160,zero,0.9999999999999999,1,0.9999999998652724,0.9999999999124269,True,True,train
vertical_r3_c0__r4_c0,vertical,tile_r3_c0_clean.ang,tile_r4_c0_clean.ang,0,0,63,0,1.0,0.9999999999999998,1.0,0.0,1.2074182697257333e-06,3200,zero,0.9999999999999999,1,0.9999999998652724,0.9999999999124269,True,True,train
horizontal_r3_c1__r3_c2,horizontal,tile_r3_c1_clean.ang,tile_r3_c2_clean.ang,0,0,0,160,0.9999999999999998,1.0,1.0,0.0,1.2074182697257333e-06,3160,zero,0.9999999999999999,1,0.9999999998652724,0.9999999999124269,True,True,train
vertical_r3_c1__r4_c1,vertical,tile_r3_c1_clean.ang,tile_r4_c1_clean.ang,0,0,63,0,1.0000000000000002,1.0000000000000002,1.0,0.0,1.2074182697257333e-06,3200,zero,1.0,1,0.9999999998652724,0.999999999912427,True,True,train
horizontal_r3_c2__r3_c3,horizontal,tile_r3_c2_clean.ang,tile_r3_c3_clean.ang,0,0,0,160,1.0000000000000002,1.0,1.0,0.0,1.2074182697257333e-06,3160,zero,1.0,1,0.9999999998652724,0.999999999912427,True,True,train
vertical_r3_c2__r4_c2,vertical,tile_r3_c2_clean.ang,tile_r4_c2_clean.ang,0,0,63,0,1.0000000000000002,1.0,1.0,0.0,1.2074182697257333e-06,3200,zero,1.0,1,0.9999999998652724,0.999999999912427,True,True,train
horizontal_r3_c3__r3_c4,horizontal,tile_r3_c3_clean.ang,tile_r3_c4_clean.ang,0,0,0,160,1.0,1.0,1.0,0.0,1.2074182697257333e-06,3160,zero,1.0,1,0.9999999998652724,0.999999999912427,True,True,train
vertical_r3_c3__r4_c3,vertical,tile_r3_c3_clean.ang,tile_r4_c3_clean.ang,0,0,63,0,1.0000000000000002,0.9999999999999998,1.0,0.0,1.2074182697257333e-06,3200,zero,1.0,1,0.9999999998652724,0.999999999912427,True,True,train
horizontal_r3_c4__r3_c5,horizontal,tile_r3_c4_clean.ang,tile_r3_c5_clean.ang,0,0,0,160,0.9999999999999999,1.0,1.0,0.0,1.2074182697257333e-06,3160,zero,0.9999999999999999,1,0.9999999998652724,0.9999999999124269,True,True,validation
vertical_r3_c4__r4_c4,vertical,tile_r3_c4_clean.ang,tile_r4_c4_clean.ang,0,0,63,0,1.0,1.0,1.0,0.0,1.2074182697257333e-06,3200,zero,1.0,1,0.9999999998652724,0.999999999912427,True,True,train
vertical_r3_c5__r4_c5,vertical,tile_r3_c5_clean.ang,tile_r4_c5_clean.ang,0,0,63,0,1.0000000000000002,0.9999999999999999,1.0,0.0,1.2074182697257333e-06,1632,zero,1.0,1,0.9999999998652724,0.999999999912427,True,True,train
horizontal_r4_c0__r4_c1,horizontal,tile_r4_c0_clean.ang,tile_r4_c1_clean.ang,0,0,0,160,1.0000000000000002,1.0,1.0,0.0,1.2074182697257333e-06,3160,zero,1.0,1,0.9999999998652724,0.999999999912427,True,True,train
vertical_r4_c0__r5_c0,vertical,tile_r4_c0_clean.ang,tile_r5_c0_clean.ang,0,0,63,0,1.0,0.9999999999999999,1.0,0.0,1.2074182697257333e-06,3200,zero,0.9999999999999999,1,0.9999999998652724,0.9999999999124269,True,True,train
horizontal_r4_c1__r4_c2,horizontal,tile_r4_c1_clean.ang,tile_r4_c2_clean.ang,0,0,0,160,0.9999999999999998,1.0,1.0,0.0,0.0,3160,zero,0.9999999999999999,1,0.9999999998652724,0.9999999999124269,True,True,train
vertical_r4_c1__r5_c1,vertical,tile_r4_c1_clean.ang,tile_r5_c1_clean.ang,0,0,63,0,1.0,1.0,1.0,0.0,1.2074182697257333e-06,3200,zero,1.0,1,0.9999999998652724,0.999999999912427,True,True,train
horizontal_r4_c2__r4_c3,horizontal,tile_r4_c2_clean.ang,tile_r4_c3_clean.ang,0,0,0,160,1.0000000000000002,1.0,1.0,0.0,1.2074182697257333e-06,3160,zero,1.0,1,0.9999999998652724,0.999999999912427,True,True,train
vertical_r4_c2__r5_c2,vertical,tile_r4_c2_clean.ang,tile_r5_c2_clean.ang,0,0,63,0,1.0,1.0,1.0,0.0,1.2074182697257333e-06,3200,zero,1.0,1,0.9999999998652724,0.999999999912427,True,True,train
horizontal_r4_c3__r4_c4,horizontal,tile_r4_c3_clean.ang,tile_r4_c4_clean.ang,0,0,0,160,1.0000000000000002,1.0000000000000002,1.0,0.0,0.0,3160,zero,1.0,1,0.9999999998652724,0.999999999912427,True,True,validation
vertical_r4_c3__r5_c3,vertical,tile_r4_c3_clean.ang,tile_r5_c3_clean.ang,0,0,63,0,1.0,1.0,1.0,0.0,1.2074182697257333e-06,3200,zero,1.0,1,0.9999999998652724,0.999999999912427,True,True,train
horizontal_r4_c4__r4_c5,horizontal,tile_r4_c4_clean.ang,tile_r4_c5_clean.ang,0,0,0,160,1.0000000000000002,1.0,1.0,0.0,1.2074182697257333e-06,3160,zero,1.0,1,0.9999999998652724,0.999999999912427,True,True,train
vertical_r4_c4__r5_c4,vertical,tile_r4_c4_clean.ang,tile_r5_c4_clean.ang,0,0,63,0,1.0000000000000002,1.0,1.0,0.0,1.2074182697257333e-06,3200,zero,1.0,1,0.9999999998652724,0.999999999912427,True,True,train
vertical_r4_c5__r5_c5,vertical,tile_r4_c5_clean.ang,tile_r5_c5_clean.ang,0,0,63,0,0.9999999999999999,1.0000000000000002,1.0,0.0,1.2074182697257333e-06,1632,zero,0.9999999999999999,1,0.9999999998652724,0.9999999999124269,True,True,validation
horizontal_r5_c0__r5_c1,horizontal,tile_r5_c0_clean.ang,tile_r5_c1_clean.ang,0,0,0,160,1.0,1.0,1.0,0.0,1.2074182697257333e-06,3160,zero,1.0,1,0.9999999998652724,0.999999999912427,True,True,train
vertical_r5_c0__r6_c0,vertical,tile_r5_c0_clean.ang,tile_r6_c0_clean.ang,1,0,64,0,1.0,1.0000000000000002,1.0,0.0,1.2074182697257333e-06,3000,zero,0.985,1,0.999999999776555,0.9947499998547608,True,True,train
horizontal_r5_c1__r5_c2,horizontal,tile_r5_c1_clean.ang,tile_r5_c2_clean.ang,0,0,0,160,1.0000000000000002,0.9999999999999999,1.0,0.0,1.2074182697257333e-06,3160,zero,1.0,1,0.9999999998652724,0.999999999912427,True,True,train
vertical_r5_c1__r6_c1,vertical,tile_r5_c1_clean.ang,tile_r6_c1_clean.ang,1,0,64,0,1.0,1.0,1.0,0.0,1.2074182697257333e-06,3000,zero,0.985,1,0.999999999776555,0.9947499998547608,True,True,validation
horizontal_r5_c2__r5_c3,horizontal,tile_r5_c2_clean.ang,tile_r5_c3_clean.ang,0,0,0,160,1.0,1.0,1.0,0.0,1.2074182697257333e-06,3160,zero,1.0,1,0.9999999998652724,0.999999999912427,True,True,train
vertical_r5_c2__r6_c2,vertical,tile_r5_c2_clean.ang,tile_r6_c2_clean.ang,1,0,64,0,1.0,0.9999999999999999,1.0,0.0,1.2074182697257333e-06,3000,zero,0.9849999999999999,1,0.999999999776555,0.9947499998547606,True,True,train
horizontal_r5_c3__r5_c4,horizontal,tile_r5_c3_clean.ang,tile_r5_c4_clean.ang,0,0,0,160,1.0000000000000002,0.9999999999999998,1.0,0.0,1.2074182697258363e-07,3160,zero,1.0,1,0.9999999998652724,0.999999999912427,True,True,train
vertical_r5_c3__r6_c3,vertical,tile_r5_c3_clean.ang,tile_r6_c3_clean.ang,1,0,64,0,1.0,1.0,1.0,0.0,1.2074182697257333e-06,3000,zero,0.985,1,0.999999999776555,0.9947499998547608,True,True,train
horizontal_r5_c4__r5_c5,horizontal,tile_r5_c4_clean.ang,tile_r5_c5_clean.ang,0,0,0,160,1.0000000000000002,1.0,1.0,0.0,1.2074182697257333e-06,3160,zero,1.0,1,0.9999999998652724,0.999999999912427,True,True,validation
vertical_r5_c4__r6_c4,vertical,tile_r5_c4_clean.ang,tile_r6_c4_clean.ang,1,0,64,0,1.0000000000000002,0.9999999999999999,1.0,0.0,1.2074182697257333e-06,3000,zero,0.985,1,0.999999999776555,0.9947499998547608,True,True,train
vertical_r5_c5__r6_c5,vertical,tile_r5_c5_clean.ang,tile_r6_c5_clean.ang,1,0,64,0,0.9999999999999999,1.0,0.9954692556634305,0.0,1.2074182697257333e-06,1538,zero,0.9843203883495144,1,0.9999999999036824,0.9945121358597235,True,True,train
horizontal_r6_c0__r6_c1,horizontal,tile_r6_c0_clean.ang,tile_r6_c1_clean.ang,0,0,0,160,1.0,1.0,1.0,0.0,1.2074182697257333e-06,3160,zero,1.0,1,0.9999999998652724,0.999999999912427,True,True,train
vertical_r6_c0__r7_c0,vertical,tile_r6_c0_clean.ang,tile_r7_c0_clean.ang,0,0,63,0,1.0,1.0000000000000002,1.0,0.0,1.2074182697257333e-06,3200,zero,1.0,1,0.9999999998652724,0.999999999912427,True,True,train
horizontal_r6_c1__r6_c2,horizontal,tile_r6_c1_clean.ang,tile_r6_c2_clean.ang,0,0,0,160,1.0000000000000002,0.9999999999999998,1.0,0.0,1.2074182697257333e-06,3160,zero,1.0,1,0.9999999998652724,0.999999999912427,True,True,train
vertical_r6_c1__r7_c1,vertical,tile_r6_c1_clean.ang,tile_r7_c1_clean.ang,0,0,63,0,1.0,1.0000000000000002,1.0,0.0,1.2074182697257333e-06,3200,zero,1.0,1,0.9999999998652724,0.999999999912427,True,True,train
horizontal_r6_c2__r6_c3,horizontal,tile_r6_c2_clean.ang,tile_r6_c3_clean.ang,0,0,0,160,1.0000000000000002,1.0,1.0,0.0,1.2074182697257333e-06,3160,zero,1.0,1,0.9999999998652724,0.999999999912427,True,True,train
vertical_r6_c2__r7_c2,vertical,tile_r6_c2_clean.ang,tile_r7_c2_clean.ang,0,0,63,0,1.0,1.0000000000000002,1.0,0.0,1.2074182697257333e-06,3200,zero,1.0,1,0.9999999998652724,0.999999999912427,True,True,train
horizontal_r6_c3__r6_c4,horizontal,tile_r6_c3_clean.ang,tile_r6_c4_clean.ang,0,0,0,160,1.0000000000000002,1.0,1.0,0.0,1.2074182697257333e-06,3160,zero,1.0,1,0.9999999998652724,0.999999999912427,True,True,validation
vertical_r6_c3__r7_c3,vertical,tile_r6_c3_clean.ang,tile_r7_c3_clean.ang,0,0,63,0,0.9999999999999999,1.0,1.0,0.0,0.0,3200,zero,0.9999999999999999,1,0.9999999998652724,0.9999999999124269,True,True,validation
horizontal_r6_c4__r6_c5,horizontal,tile_r6_c4_clean.ang,tile_r6_c5_clean.ang,0,0,0,160,1.0,1.0,1.0,0.0,1.2074182697257333e-06,3160,zero,1.0,1,0.9999999998652724,0.999999999912427,True,True,train
vertical_r6_c4__r7_c4,vertical,tile_r6_c4_clean.ang,tile_r7_c4_clean.ang,0,0,63,0,1.0000000000000002,1.0,1.0,0.0,1.2074182697257333e-06,3200,zero,1.0,1,0.9999999998652724,0.999999999912427,True,True,train
vertical_r6_c5__r7_c5,vertical,tile_r6_c5_clean.ang,tile_r7_c5_clean.ang,0,0,63,0,0.9999999999999998,1.0,1.0,0.0,1.2074182697258363e-07,1632,zero,0.9999999999999999,1,0.9999999998652724,0.9999999999124269,True,True,train
horizontal_r7_c0__r7_c1,horizontal,tile_r7_c0_clean.ang,tile_r7_c1_clean.ang,0,0,0,160,0.9999999999999999,0.9999999999999999,1.0,0.0,1.2074182697258363e-07,3160,zero,0.9999999999999999,1,0.9999999998652724,0.9999999999124269,True,True,train
vertical_r7_c0__r8_c0,vertical,tile_r7_c0_clean.ang,tile_r8_c0_clean.ang,0,0,63,0,1.0,1.0,1.0,0.0,1.2074182697257333e-06,3200,zero,1.0,1,0.9999999998652724,0.999999999912427,True,True,train
horizontal_r7_c1__r7_c2,horizontal,tile_r7_c1_clean.ang,tile_r7_c2_clean.ang,0,0,0,160,0.9999999999999998,1.0,1.0,0.0,1.2074182697257333e-06,3160,zero,0.9999999999999999,1,0.9999999998652724,0.9999999999124269,True,True,validation
vertical_r7_c1__r8_c1,vertical,tile_r7_c1_clean.ang,tile_r8_c1_clean.ang,0,0,63,0,1.0,1.0,1.0,0.0,1.2074182697257333e-06,3200,zero,1.0,1,0.9999999998652724,0.999999999912427,True,True,validation
horizontal_r7_c2__r7_c3,horizontal,tile_r7_c2_clean.ang,tile_r7_c3_clean.ang,0,0,0,160,0.9999999999999998,1.0000000000000002,1.0,0.0,1.2074182697257333e-06,3160,zero,0.9999999999999999,1,0.9999999998652724,0.9999999999124269,True,True,validation
vertical_r7_c2__r8_c2,vertical,tile_r7_c2_clean.ang,tile_r8_c2_clean.ang,0,0,63,0,1.0000000000000002,1.0,1.0,0.0,1.2074182697257333e-06,3200,zero,1.0,1,0.9999999998652724,0.999999999912427,True,True,train
horizontal_r7_c3__r7_c4,horizontal,tile_r7_c3_clean.ang,tile_r7_c4_clean.ang,0,0,0,160,1.0000000000000002,1.0,1.0,0.0,1.2074182697257333e-06,3160,zero,1.0,1,0.9999999998652724,0.999999999912427,True,True,train
vertical_r7_c3__r8_c3,vertical,tile_r7_c3_clean.ang,tile_r8_c3_clean.ang,0,0,63,0,1.0,1.0000000000000002,1.0,0.0,1.2074182697257333e-06,3200,zero,1.0,1,0.9999999998652724,0.999999999912427,True,True,train
horizontal_r7_c4__r7_c5,horizontal,tile_r7_c4_clean.ang,tile_r7_c5_clean.ang,0,0,0,160,1.0,1.0,1.0,0.0,1.2074182697257333e-06,3160,zero,1.0,1,0.9999999998652724,0.999999999912427,True,True,validation
vertical_r7_c4__r8_c4,vertical,tile_r7_c4_clean.ang,tile_r8_c4_clean.ang,0,0,63,0,0.9999999999999998,1.0,1.0,0.0,1.2074182697257333e-06,3200,zero,0.9999999999999999,1,0.9999999998652724,0.9999999999124269,True,True,train
vertical_r7_c5__r8_c5,vertical,tile_r7_c5_clean.ang,tile_r8_c5_clean.ang,0,0,63,0,1.0,0.9999999999999999,1.0,0.0,1.2074182697257333e-06,1632,zero,0.9999999999999999,1,0.9999999998652724,0.9999999999124269,True,True,validation
horizontal_r8_c0__r8_c1,horizontal,tile_r8_c0_clean.ang,tile_r8_c1_clean.ang,0,0,0,160,1.0,1.0,1.0,0.0,1.2074182697257333e-06,3160,zero,1.0,1,0.9999999998652724,0.999999999912427,True,True,validation
vertical_r8_c0__r9_c0,vertical,tile_r8_c0_clean.ang,tile_r9_c0_clean.ang,0,0,63,0,0.9999999999999998,1.0,1.0,0.0,1.2074182697257333e-06,3200,zero,0.9999999999999999,1,0.9999999998652724,0.9999999999124269,True,True,train
horizontal_r8_c1__r8_c2,horizontal,tile_r8_c1_clean.ang,tile_r8_c2_clean.ang,0,0,0,160,0.9999999999999998,1.0,1.0,0.0,1.2074182697257333e-06,3160,zero,0.9999999999999999,1,0.9999999998652724,0.9999999999124269,True,True,validation
vertical_r8_c1__r9_c1,vertical,tile_r8_c1_clean.ang,tile_r9_c1_clean.ang,0,0,63,0,1.0,0.9999999999999998,1.0,0.0,1.2074182697257333e-06,3200,zero,0.9999999999999999,1,0.9999999998652724,0.9999999999124269,True,True,train
horizontal_r8_c2__r8_c3,horizontal,tile_r8_c2_clean.ang,tile_r8_c3_clean.ang,0,0,0,160,0.9999999999999999,1.0000000000000002,1.0,0.0,1.2074182697257333e-06,3160,zero,0.9999999999999999,1,0.9999999998652724,0.9999999999124269,True,True,validation
vertical_r8_c2__r9_c2,vertical,tile_r8_c2_clean.ang,tile_r9_c2_clean.ang,0,0,63,0,0.9999999999999999,1.0,1.0,0.0,1.2074182697257333e-06,3200,zero,0.9999999999999999,1,0.9999999998652724,0.9999999999124269,True,True,train
horizontal_r8_c3__r8_c4,horizontal,tile_r8_c3_clean.ang,tile_r8_c4_clean.ang,0,0,0,160,1.0000000000000002,1.0,1.0,0.0,1.2074182697257333e-06,3160,zero,1.0,1,0.9999999998652724,0.999999999912427,True,True,train
vertical_r8_c3__r9_c3,vertical,tile_r8_c3_clean.ang,tile_r9_c3_clean.ang,0,0,63,0,1.0,1.0000000000000002,1.0,0.0,1.2074182697257333e-06,3200,zero,1.0,1,0.9999999998652724,0.999999999912427,True,True,train
horizontal_r8_c4__r8_c5,horizontal,tile_r8_c4_clean.ang,tile_r8_c5_clean.ang,0,0,0,160,1.0,1.0000000000000002,1.0,0.0,1.2074182697257333e-06,3160,zero,1.0,1,0.9999999998652724,0.999999999912427,True,True,validation
vertical_r8_c4__r9_c4,vertical,tile_r8_c4_clean.ang,tile_r9_c4_clean.ang,0,0,63,0,1.0,0.9999999999999999,1.0,0.0,1.2074182697257333e-06,3200,zero,0.9999999999999999,1,0.9999999998652724,0.9999999999124269,True,True,train
vertical_r8_c5__r9_c5,vertical,tile_r8_c5_clean.ang,tile_r9_c5_clean.ang,0,0,63,0,1.0000000000000002,1.0,1.0,0.0,1.2074182697257333e-06,1632,zero,1.0,1,0.9999999998652724,0.999999999912427,True,True,validation
horizontal_r9_c0__r9_c1,horizontal,tile_r9_c0_clean.ang,tile_r9_c1_clean.ang,0,0,0,160,1.0000000000000002,1.0,1.0,0.0,1.2074182697257333e-06,3160,zero,1.0,1,0.9999999998652724,0.999999999912427,True,True,train
vertical_r9_c0__r10_c0,vertical,tile_r9_c0_clean.ang,tile_r10_c0_clean.ang,0,0,63,0,1.0000000000000002,0.9999999999999998,1.0,0.0,1.2074182697257333e-06,3200,zero,1.0,1,0.9999999998652724,0.999999999912427,True,True,train
horizontal_r9_c1__r9_c2,horizontal,tile_r9_c1_clean.ang,tile_r9_c2_clean.ang,0,0,0,160,1.0,1.0,1.0,0.0,1.2074182697257333e-06,3160,zero,1.0,1,0.9999999998652724,0.999999999912427,True,True,validation
vertical_r9_c1__r10_c1,vertical,tile_r9_c1_clean.ang,tile_r10_c1_clean.ang,0,0,63,0,1.0000000000000002,1.0000000000000002,1.0,0.0,0.0,3200,zero,1.0,1,0.9999999998652724,0.999999999912427,True,True,train
horizontal_r9_c2__r9_c3,horizontal,tile_r9_c2_clean.ang,tile_r9_c3_clean.ang,0,0,0,160,1.0,1.0,1.0,0.0,1.2074182697257333e-06,3160,zero,1.0,1,0.9999999998652724,0.999999999912427,True,True,validation
vertical_r9_c2__r10_c2,vertical,tile_r9_c2_clean.ang,tile_r10_c2_clean.ang,0,0,63,0,1.0,0.9999999999999998,1.0,0.0,1.2074182697257333e-06,3200,zero,0.9999999999999999,1,0.9999999998652724,0.9999999999124269,True,True,train
horizontal_r9_c3__r9_c4,horizontal,tile_r9_c3_clean.ang,tile_r9_c4_clean.ang,0,0,0,160,1.0000000000000002,1.0,1.0,0.0,1.2074182697257333e-06,3160,zero,1.0,1,0.9999999998652724,0.999999999912427,True,True,validation
vertical_r9_c3__r10_c3,vertical,tile_r9_c3_clean.ang,tile_r10_c3_clean.ang,0,0,63,0,1.0,1.0000000000000002,1.0,0.0,1.2074182697257333e-06,3200,zero,1.0,1,0.9999999998652724,0.999999999912427,True,True,train
horizontal_r9_c4__r9_c5,horizontal,tile_r9_c4_clean.ang,tile_r9_c5_clean.ang,0,0,0,160,1.0000000000000002,1.0000000000000002,1.0,0.0,1.2074182697257333e-06,3160,zero,1.0,1,0.9999999998652724,0.999999999912427,True,True,train
vertical_r9_c4__r10_c4,vertical,tile_r9_c4_clean.ang,tile_r10_c4_clean.ang,0,0,63,0,1.0000000000000002,1.0,1.0,0.0,1.2074182697257333e-06,3200,zero,1.0,1,0.9999999998652724,0.999999999912427,True,True,train
vertical_r9_c5__r10_c5,vertical,tile_r9_c5_clean.ang,tile_r10_c5_clean.ang,0,0,63,0,1.0000000000000002,0.9999999999999999,1.0,0.0,1.2074182697257333e-06,1632,zero,1.0,1,0.9999999998652724,0.999999999912427,True,True,train
horizontal_r10_c0__r10_c1,horizontal,tile_r10_c0_clean.ang,tile_r10_c1_clean.ang,0,0,0,160,1.0,1.0000000000000002,1.0,0.0,0.0,3160,zero,1.0,1,0.9999999998652724,0.999999999912427,True,True,validation
vertical_r10_c0__r11_c0,vertical,tile_r10_c0_clean.ang,tile_r11_c0_clean.ang,1,0,64,0,1.0,1.0,1.0,0.0,1.2074182697257333e-06,3000,zero,0.985,1,0.999999999776555,0.9947499998547608,True,True,train
horizontal_r10_c1__r10_c2,horizontal,tile_r10_c1_clean.ang,tile_r10_c2_clean.ang,0,0,0,160,1.0,1.0,1.0,0.0,1.2074182697257333e-06,3160,zero,1.0,1,0.9999999998652724,0.999999999912427,True,True,train
vertical_r10_c1__r11_c1,vertical,tile_r10_c1_clean.ang,tile_r11_c1_clean.ang,1,0,64,0,1.0,1.0,1.0,0.0,1.2074182697257333e-06,3000,zero,0.985,1,0.999999999776555,0.9947499998547608,True,True,train
horizontal_r10_c2__r10_c3,horizontal,tile_r10_c2_clean.ang,tile_r10_c3_clean.ang,0,0,0,160,0.9999999999999999,1.0000000000000002,1.0,0.0,1.2074182697257333e-06,3160,zero,0.9999999999999999,1,0.9999999998652724,0.9999999999124269,True,True,train
vertical_r10_c2__r11_c2,vertical,tile_r10_c2_clean.ang,tile_r11_c2_clean.ang,1,0,64,0,1.0,1.0000000000000002,1.0,0.0,0.0,3000,zero,0.985,1,0.999999999776555,0.9947499998547608,True,True,train
horizontal_r10_c3__r10_c4,horizontal,tile_r10_c3_clean.ang,tile_r10_c4_clean.ang,0,0,0,160,0.9999999999999999,1.0,1.0,0.0,1.2074182697257333e-06,3160,zero,0.9999999999999999,1,0.9999999998652724,0.9999999999124269,True,True,train
vertical_r10_c3__r11_c3,vertical,tile_r10_c3_clean.ang,tile_r11_c3_clean.ang,1,0,64,0,1.0,0.9999999999999999,1.0,0.0,1.2074182697257333e-06,3000,zero,0.9849999999999999,1,0.999999999776555,0.9947499998547606,True,True,train
horizontal_r10_c4__r10_c5,horizontal,tile_r10_c4_clean.ang,tile_r10_c5_clean.ang,0,0,0,160,0.9999999999999998,1.0,1.0,0.0,1.2074182697257333e-06,3160,zero,0.9999999999999999,1,0.9999999998652724,0.9999999999124269,True,True,train
vertical_r10_c4__r11_c4,vertical,tile_r10_c4_clean.ang,tile_r11_c4_clean.ang,1,0,64,0,1.0,0.9999999999999998,1.0,0.0,1.2074182697257333e-06,3000,zero,0.9849999999999999,1,0.999999999776555,0.9947499998547606,True,True,train
vertical_r10_c5__r11_c5,vertical,tile_r10_c5_clean.ang,tile_r11_c5_clean.ang,1,0,64,0,1.0000000000000002,1.0,0.9954692556634305,0.0,1.2074182697257333e-06,1538,zero,0.9843203883495145,1,0.9999999999036824,0.9945121358597235,True,True,train
horizontal_r11_c0__r11_c1,horizontal,tile_r11_c0_clean.ang,tile_r11_c1_clean.ang,0,0,0,160,0.9999999999999998,1.0,1.0,0.0,1.2074182697257333e-06,3160,zero,0.9999999999999999,1,0.9999999998652724,0.9999999999124269,True,True,train
vertical_r11_c0__r12_c0,vertical,tile_r11_c0_clean.ang,tile_r12_c0_clean.ang,0,0,63,0,1.0,0.9999999999999999,1.0,0.0,1.2074182697257333e-06,3200,zero,0.9999999999999999,1,0.9999999998652724,0.9999999999124269,True,True,validation
horizontal_r11_c1__r11_c2,horizontal,tile_r11_c1_clean.ang,tile_r11_c2_clean.ang,0,0,0,160,1.0000000000000002,1.0,1.0,0.0,1.2074182697257333e-06,3160,zero,1.0,1,0.9999999998652724,0.999999999912427,True,True,train
vertical_r11_c1__r12_c1,vertical,tile_r11_c1_clean.ang,tile_r12_c1_clean.ang,0,0,63,0,1.0,1.0000000000000002,1.0,0.0,1.2074182697257333e-06,3200,zero,1.0,1,0.9999999998652724,0.999999999912427,True,True,validation
horizontal_r11_c2__r11_c3,horizontal,tile_r11_c2_clean.ang,tile_r11_c3_clean.ang,0,0,0,160,1.0,1.0,1.0,0.0,1.2074182697257333e-06,3160,zero,1.0,1,0.9999999998652724,0.999999999912427,True,True,validation
vertical_r11_c2__r12_c2,vertical,tile_r11_c2_clean.ang,tile_r12_c2_clean.ang,0,0,63,0,1.0,1.0,1.0,0.0,1.2074182697257333e-06,3200,zero,1.0,1,0.9999999998652724,0.999999999912427,True,True,validation
horizontal_r11_c3__r11_c4,horizontal,tile_r11_c3_clean.ang,tile_r11_c4_clean.ang,0,0,0,160,1.0,0.9999999999999999,1.0,0.0,1.2074182697257333e-06,3160,zero,0.9999999999999999,1,0.9999999998652724,0.9999999999124269,True,True,train
vertical_r11_c3__r12_c3,vertical,tile_r11_c3_clean.ang,tile_r12_c3_clean.ang,0,0,63,0,1.0000000000000002,1.0,1.0,0.0,1.2074182697257333e-06,3200,zero,1.0,1,0.9999999998652724,0.999999999912427,True,True,validation
horizontal_r11_c4__r11_c5,horizontal,tile_r11_c4_clean.ang,tile_r11_c5_clean.ang,0,0,0,160,1.0000000000000002,1.0,1.0,0.0,1.2074182697257333e-06,3160,zero,1.0,1,0.9999999998652724,0.999999999912427,True,True,validation
vertical_r11_c4__r12_c4,vertical,tile_r11_c4_clean.ang,tile_r12_c4_clean.ang,0,0,63,0,1.0000000000000002,1.0,1.0,0.0,0.0,3200,zero,1.0,1,0.9999999998652724,0.999999999912427,True,True,train
vertical_r11_c5__r12_c5,vertical,tile_r11_c5_clean.ang,tile_r12_c5_clean.ang,0,0,63,0,1.0,1.0000000000000002,1.0,0.0,1.2074182697258363e-07,1632,zero,1.0,1,0.9999999998652724,0.999999999912427,True,True,validation
horizontal_r12_c0__r12_c1,horizontal,tile_r12_c0_clean.ang,tile_r12_c1_clean.ang,0,0,0,160,1.0,0.9999999999999999,1.0,0.0,0.0,2400,zero,0.9999999999999999,1,0.9999999998652724,0.9999999999124269,True,True,train
horizontal_r12_c1__r12_c2,horizontal,tile_r12_c1_clean.ang,tile_r12_c2_clean.ang,0,0,0,160,1.0,0.9999999999999999,1.0,0.0,1.2074182697257333e-06,2400,zero,0.9999999999999999,1,0.9999999998652724,0.9999999999124269,True,True,validation
horizontal_r12_c2__r12_c3,horizontal,tile_r12_c2_clean.ang,tile_r12_c3_clean.ang,0,0,0,160,1.0000000000000002,1.0,1.0,0.0,1.2074182697257333e-06,2400,zero,1.0,1,0.9999999998652724,0.999999999912427,True,True,train
horizontal_r12_c3__r12_c4,horizontal,tile_r12_c3_clean.ang,tile_r12_c4_clean.ang,0,0,0,160,0.9999999999999998,1.0,1.0,0.0,1.2074182697257333e-06,2400,zero,0.9999999999999999,1,0.9999999998652724,0.9999999999124269,True,True,train
horizontal_r12_c4__r12_c5,horizontal,tile_r12_c4_clean.ang,tile_r12_c5_clean.ang,0,0,0,160,0.9999999999999999,1.0,1.0,0.0,1.2074182697257333e-06,2400,zero,0.9999999999999999,1,0.9999999998652724,0.9999999999124269,True,True,train
